"MUSE","Agitated","You make me agitated,","You know i appreciate it","Why can't i complicate it","So why should i look at you","My love here is so true (very uncertain about that)","Yeah","","You do it to me sweetly","Do them yeaahhh","You do it to me lovely","Do they yeaahhh","","You try to make me crazy","You make me agitated","And then i'm suffocated","And why should i look at you","My love here is so true","","You do it to me sweetly","Do them yeaahh","You do it to me lovely","Do they yeaahh"
"MUSE","Animals","Animal","You’re an animal","Don’t take anything less","","Out of control","You’re out of control","Strike those in distress","","Analyse","Advertise","Expand","Bend more rules","Buy yourself an island","","Animals","We’re animals","Buy when blood is on the street","","Out of control","We’re out of control","Crush those who beg at your feet","","Analyse","Franchise","Spread out","Kill the competition","And buy yourself an ocean","","Amortise","Downsize","Lay off","Kill yourself","Come on and do us all a favour"
"MUSE","Apocalypse Please","declare this an emergency","come on and spread a sense of urgency","and pull us through","and pull us through","and this is the end","this is the end of the world","","it's time we saw a miracle","come on it's time for something biblical","to pull us through","and pull us through","and this is the end","this is the end of the world","","proclaim eternal victory","come on and change the course of history","and pull us through","and pull us through","and this is the end ","this is the end of the world"
"MUSE","Ashamed","I know there's something that you're dying to tell me","I hope it's not about your iffy affair","Make sure no-one finds out and tell me all about it","Don't keep it to yourself 'cause I can't bear it","I'd never leave you crying","I know you're crying","Doesn't matter 'cause I'm in control","","I know that you're ashamed","So bad it nearly kills you","Don't you know that you're ashamed","So much it almost kills you","","There's always something that makes you guilty","There's still something that you're dying to tell me","","Make sure no-one finds out","And tell me all about it","Don't keep it to yourself","'Cause I can't bear it","I'd never leave you crying","Oh, no you're crying","That doesn't matter 'cause I'm in control","","I know that you're ashamed","So much it nearly kills you","Don't you know that you're ashamed","So much it nearly kills you"
"MUSE","Assassin","War is overdue","The time has come for you","To shoot your leaders down","Join forces underground","","<i>[Chorus:]</i>","Lose control","Increasing pace","Warped and bewitched","And time to erase","","Whatever they say","These people are torn","Wild and bereft","Assassin is born","","Oppose and disagree","Destroy demonocracy","","<i>[Chorus]</i>","","Whatever they say","These people are torn","Wild and bereft","Assassin is born"
"MUSE","Balloonatic","You came,","You came, you scorched her","You came, unstained you adore her","","United again","Like separated twins","United again","","You","You will remember","She knows, she knows you want her","","United again","Like separated twins","United again","","United again","Like separated twins","You can be...","","Come gentle, slowly,","Down tonight"
"MUSE","Big Freeze","Healed","Or are you still just reeling?","Are you fine","Have you found a way to escape?","Are you here","Just because I need you?","Can we hole up?","A big freeze is heading our way","","We are on a hiding to nowhere","We still hope","But our dreams are not the same, no","And I, I lost before I started","I'm collapsing in stellar clouds of gas","","Hear me","What words just can't convey","Feel me","Don't let the sun in your heart decay","","Fight","Or will you show me mercy?","We expelled","The goodness from our hearts","Are you here","Just to prove your winning?","Can we hole up","And ride out this electrical storm?","","We destroyed something beautiful","We have faith","But our truths are not the same, no","Don't give up","Don't let the magic leave us","Stop the loneliest force becoming king of the universe","","Hear me","What words just can't convey","Feel me","Don't you let the sun in your heart decay","","Don't give up","Don't let the magic leave us","We're collapsing in stellar clouds of gas","","Hear me","What words just can't convey","Feel me","I won't let the sun in our hearts decay"
"MUSE","Blackout","don't kid yourself","and don't fool yourself","this love's too good to last","and i'm too old to dream","","don't grow up too fast","and don't embrace the past","this life's too good to last","and i'm too young to care","","don't kid yourself","and don't fool yourself","this life could be the last","and we're too young to see"
"MUSE","Bliss","Everything about you is how I wanna be","Your freedom comes naturally","Everything about you resonates happiness","Now I won't settle for less","","Give me all the peace and joy in your mind","","Everything about you pains my envying","Your soul can't hate anything","Everything about you is so easy to love","They're watching you from above","","Give me all the peace and joy in your mind","I want the peace and joy in your mind","Give me the peace and joy in your mind","","Everything about you resonates happiness","Now I won't settle for less","","Give me all the peace and joy in your mind","I want the peace and joy in your mind","Give me the peace and joy in your mind"
"MUSE","Butterflies And Hurricanes","Change everything you are","And everything you were","Your number has been called","Fights and battles have begun","Revenge will surely come","Your hard times are ahead","","Best,","You've got to be the best","You've got to change the world","And use this chance to be heard","Your time is now","","Change everything you are","And everything you were","Your number has been called","Fights and battles have begun","Revenge will surely come","Your hard times are ahead","","Best,","You've got to be the best","You've got to change the world","And use this chance to be heard","Your time is now","","Don't let yourself down","Don't let yourself go","Your last chance has arrived","","Best,","You've got to be the best","You've got to change the world","And use this chance to be heard","Your time is now"
"MUSE","Can't Take My Eyes Off You","You're just too good to be true","can't keep my eyes off you","you'd feel like heaven to touch","I wanna hold you so much","at long last love has arrived","and I thank God I'm alive","you're just too good to be true","can't take my eyes off of you","","Pardon the way that I stare","there's nothing else to compare","the sight of you makes me weak","there are no words left to speak","but if you feel like I feel","please let me know that it's real","you're just too good to be true","can't take my eyes off of you","","I love you baby, and if it's quite alright","I need you baby to warm the lonely nights","I love you baby, trust in me when I say ","oh pretty baby, don't let me down, I pray","oh pretty baby, now that I've found you, stay","and let me love you, baby, let me love you...","","You're just too good to be true","can't keep my eyes off of you","you'd feel like heaven to touch","I wanna hold you so much","at long last love has arrived","and I thank god I'm alive","you're just too good to be true","can't take my eyes off of you","","I love you baby, and if it's quite alright","I need you baby to warm the lonely nights","I love you baby, trust in me when I say ","oh pretty baby, don't let me down, I pray","oh pretty baby, now that I've found you, stay","and let me love you, baby, let me love you..."
"MUSE","Cave","Leave me alone it's nothing serious","I’ll do it myself","It's got nothing to do with you","And there's nothing that you could do","","You can see it and you can almost hear it too","You can almost taste it","It's nothing to do with you","And it's still nothing that you can do","","So come in my cave","And I’ll burn your heart away","Come in my cave","I’ll burn your heart away","","Please close your ears","And try to look away","So you never hear a single word I say","And don’t ever come my way","","Leave me alone","It's nothing serious","I’ll do it myself","It's got nothing to do with you","And there's still nothing that you could do","","So come in my cave","And I’ll burn your heart away","Come in my cave","And arrest me for my mistakes"
"MUSE","Citizen Erased","Break me in, ","Teach us to cheat","And to lie, cover up","What shouldn't be shared?","All the truth unwinding","Scraping away ","At my mind","Please stop asking me to describe him","","For one moment","I wish you'd hold your stage","With no feelings at all","Open minded","I'm sure I used to be so free","","Self expressed, exhausting for all","To see and to be","What you want and what you need","The truth unwinding","Scraping away ","At my mind","Please stop asking me to describe","","For one moment","I wish you'd hold your stage","With no feelings at all","Open minded","I'm sure I used to be so free","","For one moment","I wish you'd hold your stage","With no feelings at all","Open minded","I'm sure I used to be so free","","Wash me away","Clean your body of me","Erase all the memories","They will only bring us pain","And I've seen all I'll ever need"
"MUSE","City Of Delusion","Stay away from me","Build a fortress","And shield your beliefs","Touch the divine","As we fall in line","","Can I believe","When I don't trust","All your theories","Turn to dust","I choose to hide","From the all seeing eye","","Destroy this City of Delusion","Break these walls down","I will avenge","Justify my reasons","With your blood","","You'll not rest","Settle for less","Until you guzzle","And squander what's left","Do not deny","That you live and let die","","Destroy this City of Delusion","Break these walls down","I will avenge","Justify my reasons","With your blood","","Destroy this City of Delusion","Break these walls down","I will avenge","Justify my reasons","With your blood"
"MUSE","Coma","Confide in me","Sustain on my apathy","You're such a mess","You can learn not to confess","","You will not find it in me","Simply because I can't","Wake up and find it in me","I`m in a coma","","You will not find it in me","You'll reveal all your pains again","We'll fall asleep","So deeply out of reach","For years feeling dead","We can fall right out of bed","","You will not find it in me","Simply because I can't","Wake and find it in me","I'm in a coma","","You will not find it in me","You'll reveal all your pains again","","Hey such a mess but I don’t care","Simply because I can’t","Wake and find it in me","I'm in a coma","","You will not find it in me","You'll reveal all your pains again"
"MUSE","Con-Science","I can’t pretend","Choose how it ends","You slipped away","Questions you to say","","In fear","In sorrow","In fear","In sorrow","","I can’t pretend","Consumed by an ends","Try bend the rules","Ribs out the cruels","","In fear","In sorrow","In fear","In sorrow","","I can’t pretend","Choose how it ends","You slipped away","Questions you to stay","","In fear","In sorrow","In fear","In sorrow"
"MUSE","Crying Shame","Too late ","Yeah baby it's too late","And time has made the spell abate","And now it's time to desecrate","","But we had a dream","And it was meant to be","And we were kissing gods","Against all the odds","","Now it's a crying shame","And it's a crying shame","You don't know who to blame","We'll never be the same","And it's a crying shame","","Too much","And we demolished too much","And yeah we really fucked it up","And yeah baby you've lost your touch","","But we had a dream","And it was meant to be","And we were kissing gods","Against all the odds","","Now it's a crying shame","And it's a crying shame","You don't know who to blame","We'll never be the same","And it's a crying shame","And it's a crying shame"
"MUSE","Darkshines","Passing by you light up my darkest skies","You take only seconds to draw me in","So be mine and your innocence I will consume","","Dark shines","Bringing me down","Making my heart feel sore","Because it's good","","Hold your hands up to your eyes again","Hide from the scary scenes, suppress your fears","So be mine and your innocence I will consume","","Dark shines","Bringing me down","Making my heart feel sore","Because it's good","You're dark shines","Bringing me down","Making my heart feel sore","Because it's good","","Dark shines","Bringing me down","Making my heart feel sore","Because it's good"
"MUSE","Dead Star","Shame on you for thinking","You're an exception","We're all to blame","Crashing down to earth","Wasting and burning out","Fading like a dead star","Harm is coming your way","It's coming your way","","And you used to be everything to me","And now you're tired of fighting","Tired of fighting","Fighting yourself","","Shame on you for thinking","You're all alone","If you want I'll make you wish you were","Failing to impress","Why can't you sleep with","Someone who'll protect you?","Harm is coming your way","It's coming your way","","And you used to be everything to me","And now you're tired of fighting","Tired of fighting","Fighting yourself"
"MUSE","Do We Need This?","Too many young and too many old","Too many people left you in the cold","You want everything to change","Cause you are afraid of losing","","She only exists when she's on a screen","He's only alive inside a machine","We want everything to change","Cause we are afraid of losing","","Tell me do you really need this","Tell me do you really care","Tell me do you really need this","Tell me do you really care","I don't think you really need this","I don't think you really care","I don't think you really need this","I don't think you really care","","Too many young and too many old","To many people left in the cold","We want everything to change","Now I'm so afraid of losing","Yeah yeah yeah"
"MUSE","Easily","Let your inhibitions go ","Make every touch electrical ","When you're feeling beautiful ","Will you remember me? ","","I want to touch you deep inside ","And find the secrets that you hide ","When you fears are cast aside ","Will you remember me? ","","Easily forgotten love ","Easily forgotten love ","It's lost so easily ","","I just want to let you know ","My mind refuses to let you go ","I wanna hypnotize you so ","You will remember me ","","Easily forgotten love ","Easily forgotten love ","It's lost so easily ","","Easily forgotten love ","Easily forgotten love ","Easily the best I ever had ","Easily the best I ever had"
"MUSE","Endlessly","There's a part of me you'll never know","The only thing I'll never show","","Hopelessly I'll love you endlessly","Hopelessly I'll give you everything","But I won't give you up","I won't let you down","And I won't leave you falling","If the moment ever comes","","It's plain to see it's trying to speak","Cherished dreams forever asleep","Hopelessly I'll love you endlessly","Hopelessly I'll give you everything","But I won't give you up","I won't let you down","And I won't leave you falling","If the moment ever comes","","Hopelessly I'll love you endlessly","Hopelessly I'll give you everything","But I won't give you up","I won't let you down","And I won't leave you falling","But the moment never comes"
"MUSE","Escape","You would say anything","You would try anything","To escape your meaningless","And your insignificance","You're uncontrolable","And we are unloveable","","And I don’t want you to think that I care","I never would","I never could","Again","","Why can’t you just love her?","Why be such a monster?","You bully from a distance","Your brain needs some assistance","","But I’ll still take all the blame","'Cause you and me are both one and the same","And it's driving me mad","And it's driving me mad","I’ll take back all the things that I said","I didn't realise I was always talking to the living dead","","And I don’t want you to think that I care","I never would","I never could","Again","","You would say anything","You would try anything","To escape your meaningless","And your insignificance"
"MUSE","Eternally Missed","Chase your dreams away","Glass needles in the hay","The sun forgives the clouds","You are my holy shroud","","I just don't care if it's real","That won't change how it feels","I just don't care if it's real","That won't change how it feels","","No, it doesn't change","And you can't resist","Making me feel","Eternally missed","And you can't resist","And you can't resist","Making me feel","","Chase your dreams away","Glass needles in the hay","The sun forgives the clouds","You are my holy shroud","","I just don't care if it's real","That won't change how it feels","I just don't care if it's real","That won't change how it feels","","No, it doesn't change","And you can't resist","Making me feel","Eternally missed","You can't resist","You can't resist","Making me feel","","You can't resist","Making me feel","Eternally missed","You can't resist","You can't resist","Making me feel","","You can't resist","Making me feel","Eternally missed","And you can't resist","And you can't resist","Making me feel"
"MUSE","Exo-Politics","Open skies over me","I am waiting patiently","I'll wait for a sign","","As conspiracies unwind","Will you slam shut","Or free your mind","Or stay hypnotised","","When the Zetas fill the skies","Will our leaders tell us why","Fully loaded satellites","Will conquer nothing but our minds","","And I've waited patiently","And I'll wait for the sign","","Carried through the centuries","Secrets locked up","And loaded on my back","Well it weights me down","","When the Zetas fill the skies","It's just our leaders in disguise","Fully loaded satellites","Will conquer nothing but our minds","","I'm waiting patiently","And I'll wait for the sign, yeah","And I'm waiting patiently","And I'll wait for the sign"
"MUSE","Exogenesis: Symphony Part 1 (Overture)","Aping my soul","You stole my overture","Trapped in God's program","Oh I can't escape","","Who are we?","Where are we?","When are we?","Why are we?","Who are we?","Where are we?","Why, why, why?","","Woah","","I can't forgive you","And I can't forget","","Who are we?","Where are we?","When are we?","Why are we?","","Who are we?","Where are we?","When are we?","Why are we in here?"
"MUSE","Exogenesis: Symphony Part 2 (Cross-Pollination)","Rise above the crowds","And wade through toxic clouds","Breach the outer sphere","The edge of all our fears","Rest with you","We are counting on you","It's up to you","","Spread, our codes to the stars","You must rescue us all","Spread, our codes to the stars","You must rescue us all","Tell us, tell us your final wish?","Now we know you can never return","Tell us, tell us your final wish?","We will tell it to the world"
"MUSE","Exogenesis: Symphony Part 3 (Redemption)","Let's start over again","Why can't we start it over again","Just let us start it over again","And we'll be good","This time we'll get it, get it right","It's our last chance to forgive ourselves"
"MUSE","Explorers","Once I hoped","To seek the new and unknown","This planet's overrun","There's nothing left for you or for me","Don't give in, we can","Walk through the fields","And feeling nature's glow","But all the land is owned","There's none left for you or for me","","Who will win?","'Cause I concede","","Free me","Free me","Free me from this world","I don't belong here","It was a mistake imprisoning my soul","Can you free me","Free me from this world","","A world lush in bloom","With rivers running wild","They'll be re-routed South","With none left for you or for me","Don't give in","Hear the engines roar","And save our crops from drought","But when the black gold's in doubt","There's none left for you or for me","","Fuse helium-3","Our last hope","","Free me","Free me","Free me from this world","We don't belong here","It was a mistake imprisoning our souls","Can you free me","Free me from this world","","Free me","I'll free you","Free us from this world","We don't belong here","It was a mistake imprisoning our souls","Can you free me","Free me from this world","","Running around in circles feeling caged","By endless rules","Can you free me, free me from this world","","Go to sleep"
"MUSE","Falling Away With You","I can't remember when it was good","moments of happiness elude","maybe I just misunderstood","","all of the love we left behind","watching the flash backs intertwine","memories I will never find","","so I'll love whatever you become","and forget the reckless things we've done","I think our lives have just begun","I think our lives have just begun","","and I'll feel my world crumbling","I'll feel my life crumbling","I'll feel my soul crumbling away","and falling away","falling away with you","","staying awake to chase a dream","tasting the air you're breathing in","I know I won't forget a thing","","promise to hold you close and pray","watching the fantasies decay","nothing will ever stay the same","","all of the love we threw away","all of the hopes we cherished fade","making the same mistakes again","making the same mistakes again","","I can feel my world crumbling","I can feel my life crumbling","I can feel my soul crumbling away","and falling away","falling away with you","","all of the love we've left behind","watching the flash backs intertwine","memories I will never find","memories I will never find"
"MUSE","Falling Down","I’m falling down","And fifteen thousand people scream","They were all begging for your dream","I’m falling down","Five thousand houses burning down","No-one is gonna save this town","","Too late","I already found what I was looking for","You know it wasn’t here","No it wasn’t here","","I was calling your name","But you would never hear me sing","You wouldn’t let me begin","So I’m crawling away","'Cause you broke my heart in two","No, I will not forget you","","Too late","I already found what I was looking for","You know it wasn’t you","No, it wasn’t you","Noooooo","","Falling away","You would never see me through","No, I could not forget you","Falling down","Five thousand house burning down","No-one is gonna save this town","","Too late","I already found what I was looking for","You know it wasn’t you","No, it wasn’t you","No","","Falling down","Now the world is upside down","I’m heading straight for the clouds"
"MUSE","Feeling Good","Birds flying high","You know how I feel","Sun in the sky","You know how I feel","Reeds driftin' on by","You know how I feel","","It's a new dawn","It's a new day","It's a new life","For me","And I'm feeling good","","Fish in the sea","You know how I feel","River running free","You know how I feel","Blossom in the trees","You know how I feel","","It's a new dawn","It's a new day","It's a new life","For me","And I'm feeling good","","Dragonfly out in the sun","You know what I mean, don't you know","Butterflies all out havin' fun","You know what I mean","Sleep in peace when day is done","And this old world is a new world","And a bold world","For me","","Stars when you shine","You know how I feel","Scent of the pine","You know how I feel","Yeah, freedom is mine","And you know how I feel","","It's a new dawn","It's a new day","It's a new life","For me","And I'm feeling good"
"MUSE","Fillip","It's happening soon","It's happening soon","It's scent has been blowing in my direction","To me it is new","To me it is new","And it's not gonna change for anybody","","And it's gonna be","Our last memory","And it's led me on","And on to you","","It's got to be here","It's got to be there","It's got to be now","Or I'll lose forever","","To me it is strange","This feeling is strange","But it's not gonna change for anybody","","And it's gonna be","Our last memory","And it's led me on","And on to you","","Accuse me","Trust me","I never knew","That you were the one","You were the one","Oh","","And it's gonna be","Our last memory","And it's led me on","And on to you","","And it's gonna be","Our last memory","And it's led me on","And on to you"
"MUSE","Follow Me","When darkness falls","And surrounds you ","When you fall down ","When you're scared","And you're lost","Be brave","I'm coming to hold you now ","When all your strength has gone ","And you feel wrong","Like your life has slipped away ","","Follow me","You can follow me ","And I will not desert you now ","When your fire's died out ","No one's there ","They have left you for dead ","","Follow me","You can follow me ","I will keep you safe ","Follow me","You can follow me","I will protect you","","I won't let them hurt","They're hurting you, no","Ooh yeah","When your heart is breaking ","","You can follow me","You can follow me","I will always keep you safe","Follow me","You can trust in me","I will always protect you, my love","","Feel my love","Feel my love"
"MUSE","Forameus","Our lives at stake","I just wanna give it away","Our lives at stake","So let's just sign it away","It doesn't matter","It doesn't matter","It doesn't matter","It doesn't matter","Falling once again","You'll do it anyway","You do it to me once again","You do it to me night and day","You do it do it all again","Ooooooo","You do it to me once again","You do it to me night and day","You do it do it all again","Our lives at stake","I just wanna give it away","And our lives disdain yeah","So let's just sign it away","It doesn't matter...","It doesn't matter...","It doesn't matter...","It doesn't matter...","Falling once again","You'll do it anyway","You do it to me once again","You do it to me night and day","You do it do it all again","Oooo","You do it to me once again","You do it to me night and day","You do it do it all again","Yeah yeah yeah yeeeeeeeeeeeeeah!","","You do it to me once again ","You do it to me night and day","You do it do it all again","You do it to me once again","You do it to me night and day ","You do it do it all again"
"MUSE","Forced In","Push me in","Into there","Force me in","Into there","","Screaming","Into there","","Push me in","Into there","WIth force","Into there","Into there","Into there"
"MUSE","Fury","<i>[Japanese Bonus Track]</i>","","You're so happy now","Burning a candle at both ends","Your self-loving soothes","And softens the blows you've invented","","Breathe in deep, and cleanse away our sins","And we'll pray that there's no God","To punish us and make a fuss","","Crack's healing up","Future soul forgive this mess","You wait twenty years","And wind up alone, demented","","Breathe in deep, and cleanse away our sins","And we'll pray that there's no God","To punish us and make a fuss","","Breathe in deep, and cleanse away our sins","And we'll pray that there's no God","To punish us and make a fuss"
"MUSE","Futurism","Ignorance pulls","Apostasy and apathy still rules","Yeah you know it's cool","Just suck and see","A future turn us into silent gods","And I won't miss you at all","","Grounded","Boxed in","Like the evil in your veins","Grounded","Boxed in","I am stuck with you","","Fate can't decide","Alignment of the planets in your hands","Come on crush our plans","Just suck and see","A future that won't let you disagree","And I won't miss you at all","","Grounded","Boxed in","Like the evil in your veins","Grounded","Boxed in","","Feeling feeling everything","Feeling feeling everything"
"MUSE","Glorious","Rose-tinted view","And satellites that compromise the truth","I wanted more","With the cuts and the bruises","Touch my face","A hopeless embrace","","Faith, it drives me away","But it turns me on","Like a strangers love","It rockets through the universe","It fuels the lies, it feeds the curse","We, too, could be glorious","","I need to believe","But I still want more","With the cuts and the bruises","Don't close the door","On what you adore","","Faith, it drives me away","But it turns me on","Like a strangers love","It rockets through the universe","It fuels the lies, it feeds the curse","We, too, could be glorious"
"MUSE","Guiding Light","Pure hearts stumble","In my hands, they crumble","Fragile and stripped to the core","I can't hurt you anymore","","Loved by numbers","You're losing life's wonder","Touch like strangers detached","I can't feel you anymore","","The sunshine trapped in our hearts","It could rise again","But I'm lost, crushed, cold and confused","With no guiding light left inside","","Oooo","You were my guiding light","Oooo","","Woah","","When comfort and warmth can't be found","I still reach for you   ","But I'm lost, crushed, cold and confused","With no guiding light left inside","","You're my guiding light","You're my guiding light","When there's no guiding light left inside","When there's no guiding light in our lives"
"MUSE","Hate This & I'll Love You","Oh I am growing tired","Of allowing you to steal","Everything I have","You're making me feel","Like I was born to service you","But I am growing by the hour","","You left us far behind","So we all discard our souls","And blaze through your skies","So unafraid to die","","'Cause I was born to destroy you","And I am growing by the hour","And I'm getting strong in every way","Yeah, Yeah","","You led me on","You led me on","You","","Oh, and I'm getting strong in every way","Yeah, Yeah"
"MUSE","Hidden Track","Two Three!","","You're a fucking motherfucker","You're a fucking motherfucker","","Yea fuck you","Fuck you","Fuck Fuck","Fuck Fuck","","Da doo doo doo","Dabba Dabba doo doo doo","Dabba Dabba Doo Doo Doo Doo","Oh you motherfucker","","You're a fucking Motherfucker","","la da da da dee dooh","la da da da da dow","la da da da dee dooh","la da da da da eeeeee","","I've got to got to go"
"MUSE","Hoodoo","Come into my life","Regress into a dream","We will hide","Build a new reality","Draw another picture","Of the life you could have had","Follow your instincts","And choose the other path","","You should never be afraid","You're protected from trouble and pain","Why, why is this a crisis in your eyes again","","Come to be","How did it come to be","Tied to a railroad","No love to set us free","Watch our souls fade away","Let our bodies crumble away","Don't be afraid","","I will take the blow for you","","And I've had recurring nightmares","That I was loved for who I am","And missed the opportunity","To be a better man"
"MUSE","Host","I’ve read you well","I just want to get away","Cos you used my love","I just need to get away","","My trust in you has been abused","My trust in you has been overused","","Sick of this space","Wish we could be far away","Cos I wasted all my youth","I’ll never see it again","","My trust in you has been abused","My trust in you has been overused","","Why can you get everything?","Can you tell me why I just want to run away?","Can you tell me why I just want to get away?","","I just want to get away...","","I just wanted too much","I wish we could be far away","And if my wish comes true","You’ll never see me again"
"MUSE","House Of The Rising Sun","There is a house in New Orleans","They call the Rising Sun","Well it's been the ruin of many a poor boy","And God, I know, I'm one","","Well Mother, tell your children ","Not to do what I have done","Or you'll spend your life in sin and misery","In the house of the Rising Sun ","","Well there is a house in New Orleans","They call the Rising Sun","Well it's been the ruin of many a poor boy","And God, I know, I'm one"
"MUSE","Hyper Chondriac Music","Golden eyes","Feed my role","This forgotten space race","Under my control","Who's returned from the dead?","Who remains?","","You wanted more than I was worth","You think I was scared, yeah","And you needed proof","Who really cares anymore?","Who restrains?","","oooooommmmmmmowowow","ooooooooooo","","I don't love you","I never did","I don't love you","I never will."
"MUSE","Hypermusic","Your golden lies feed my role","In this forgotten space race under my control","Who's returned from the dead?","Who remains?","","You know I don't want you ","and I never did","I don't want you ","and I never will","","You wanted more than I was worth","And you think I was scared","And you needed proof","Who really cares anymore?","Who restrains?","","You know I don't love you ","and I never did","I don't want you ","and I never will"
"MUSE","Hysteria","It's bugging me, grating me","And twisting me around","Yeah I'm endlessly caving in","And turning inside out","","'cause I want it now","I want it now","Give me your heart and your soul","And I'm breaking out","I'm breaking out","Last chance to lose control","","It's holding me, morphing me","And forcing me to strive","To be endlessly cold within","And dreaming I'm alive","","'cause I want it now","I want it now","Give me your heart and your soul","And I'm not breaking down","I'm breaking out","Last chance to lose control","","And I want you now","I want you now","I'll feel my heart implode","And I'm breaking out","Escaping now","Feeling my faith erode"
"MUSE","I Belong To You / Mon Cœur S'ouvre à Ta Voix","Mmmh","","When these pillars get pulled down","It will be you who wears the crown","And I'll owe everything to you","","Woooo, woooo","","How much pain has cracked your soul?","How much love would make you whole?","You're my guiding lightning strike","","I can't find the words to say","They're overdue","I've traveled half the world to say","I belong to you","","Woooo, woooo","","Then she attacks me like a Leo","When my heart is split like Rio","But I assure you my debts are real","","I can't find the words to say","When I'm confused","I traveled half the world to say","You are my muse...","","Oooo, woooo","","Ahhh! Réponds, réponds à ma tendresse","Verse-moi, verse-moi l'ivresse","Réponds à ma tendresse","Réponds à ma tendresse","Ahhh! Verse-moi l'ivresse","Verse-moi, verse-moi l'ivresse","Réponds à ma tendresse","Réponds à ma tendresse","Ahhh! Verse-moi l'ivresse","","I belong","I belong to you alone","","Woooo, woooo","Woooo","","I can't find the words to say","They're overdue","I've traveled half the world to say","I belong to you","","Woooo, woooo"
"MUSE","In Your World","I'm hurting you again","Too lonely to pretend","Like everything is new","I promise you to","Blow it all away","","In your world","No one is crying alone","In your world","No one is dying alone","","Too broken to belong","too weak to sing along","I'll comfort you my friend","Helping you to","Blow it all away","","In your world","No one is crying alone","In your world","No one is dying alone"
"MUSE","Instant Messenger (Pink Ego Box)","It's gonna be ok","I can’t afford another day","At 50 bytes per second","","I’ve never seen your face","I’ve never heard your voice","","But I think I like it","When you instant message me","With a promise","I can feel it ","I can tell you're gonna be","Just like me","","My eyes are gonna strained","My heart is feeling pain","At 50 beats per second","","I’ve never seen your eyes","I’ve never heard your lies","","But I think I like it","When you instant message me","With a promise","I can feel it","I can tell you're gonna be","Just like me","Just like me","","You tell","You tell","You tell my name"
"MUSE","Invincible","Follow through","Make your dreams come true","Don't give up the fight","You will be alright","'Cause there's no one like you in the universe","","Don't be afraid","What your mind conceives","You should make a stand","Stand up for what you believe","And tonight","We can truly say","Together we're invincible","","During the struggle","They will pull us down","But please, please","Let's use this chance","To turn things around","And tonight","We can truly say","Together we're invincible","","Do it on your own","It makes no difference to me","What you leave behind","What you choose to be","And whatever they say","Your souls unbreakable","","During the struggle","They will pull us down","But please, please","Let's use this chance","To turn things around","And tonight","We can truly say","Together we're invincible","Together we're invincible","","During the struggle","They will pull us down","Please, please","Let's use this chance","To turn things around","And tonight","We can truly say","Together we're invincible","Together we're invincible"
"MUSE","Jimmy Kane","Jimmy Kane can’t sleep at night","Sex in pain","Keeps me alive","","You can’t confuse yourself","They make you know what else","You can’t fake it","You will never make it","You can’t confuse yourself","They make you know what else","You can’t fake it","You will never make it","Yeah","","You're to blame","For everything","Sex in pain","Keeps moving me","Keeps me","","You can’t confuse yourself","They make you know what else","You can’t fake it","You will never make it","You can’t confuse yourself","They make you know what else","You can’t fake it","You will never make it","Yeah"
"MUSE","Knights Of Cydonia","Come ride with me","Through the veins of history","I'll show you how god","Falls asleep on the job","","And how can we win","When fools can be kings","Don't waste your time","Or time will waste you","","No one's gonna take me alive","The time has come to make things right","You and I must fight for our rights","You and I must fight to survive","","No one's gonna take me alive","The time has come to make things right","You and I must fight for our rights","You and I must fight to survive","","No one's gonna take me alive","The time has come to make things right","You and I must fight for our rights","You and I must fight to survive"
"MUSE","Liquid State","Take me for a ride","Break me up and steal what's left inside","And hope and pray iniquity","Has died inside and left a scar","","I'm on red alert","Bring me peace and wash away my dirt","Spin me round and help","Me to divert and walk into the light","","Warm my heart tonight","And hold my head up high","And help me to survive","","Kick me when I'm down","Feed me poison, fill me till I drown","Wake me up before I get","Pushed out and fall into the night","","Warm my heart tonight","(force me to lose control)","And hold my head up high","(watch as I lose my soul)","And help me to survive","(push me until I fall)"
"MUSE","Madness","(Ma-ma-ma-ma-ma-ma-ma...)","","I, I can't get these memories out of my mind,","And some kind of madness has started to evolve.","(Ma-ma-ma-ma-ma-ma-ma...)","And I, I tried so hard to let you go,","But some kind of madness is swallowing me whole, yeah","(Ma-ma-ma-ma-ma-ma-ma...)","","I have finally seen the light,","And I have finally realized","What you mean.","","Ooh oh oh","","And now I need to know is this real love,","Or is it just madness keeping us afloat?","(Ma-ma-ma-ma-ma-ma-ma...)","And when I look back at all the crazy fights we had,","Like some kind of madness was taking control, yeah","(Ma-ma-ma-ma-ma-ma-ma...)","","And now I have finally seen the light,","And I have finally realized","What you need.","","Mmmm...","","(Ma-ma-ma-ma-ma-ma-ma...)","","But now I have finally seen the end (finally seen the end)","And I'm not expecting you to care (expecting you to care)","But I have finally seen the light (finally seen the light)","I have finally realized (realized)","I need your love","I need your love","","Come to me","Just in a dream.","Come on and rescue me.","Yes I know, I can't be wrong,","And baby, you're too headstrong.","Our love is","(Ma-ma-ma-ma-ma-ma-ma...)","Madness"
"MUSE","Map Of The Problematique","Fear and panic in the air","I want to be free","From desolation and despair","And I feel like everything I saw","Is being swept away","Well I refuse to let you go","","I can't get it right","Get it right","Since I met you","","Loneliness be over","When will this loneliness be over","","Life will flash before my eyes","So scattered and lost","I want to touch the other side","And no one thinks they are to blame","Why can't we see","That when we bleed we bleed the same","","I can't get it right","Get it right","Since I met you","","Loneliness be over","When will this loneliness be over","Loneliness be over","When will this loneliness be over"
"MUSE","Map Of Your Head","I'm sick of feeling my soul","To people who'll never know","Just how purposeless and empty they've grown","Because the language confuses","like computers refuse to understand how I'm feeling today","","I'm freezing and losing my way","I don't need another map of your head","I'm freezing and losing my way","I don't need another map of your head","","I saw a liquid control","That gives life to a soul","I hit my head on it and woke up to know","That I was all alone","Wearing just socks and a phone","Someone's screaming like their world might explode","","Yeah I'm freezing and losing my way","I don't need another map of your head","I'm freezing and losing my way","I don't want another map of your head","","Freezing and losing my way","I don't want another map of your head","I'm freezing and losing my way","I don't need another map of your head"
"MUSE","Megalomania","Paradise comes at a price","That I am not prepared to pay","What were we built for?","Could someone tell me please?","","The good news is, she can't have babies","And wont accept gifts from me","What are they for?","They'll just grow up, and break the laws you've loved","","Take off your disguise","I know that underneath","It's me","","Useless device, it won't suffice","I want a new game to play","When I am gone","It won't be long, before I disturb you in the dark","","And paradise comes at a price","That I am not prepared to pay","What were we built for?","Will someone tell me please?","","Take off your disguise","I know that underneath","It's me"
"MUSE","Micro Cuts","Hands are red with your blame","Megaphone screaming my name","Whimpers someone I should've loved","Souls weeping above","","I've seen what you're doing to me","Destroying puppet strings","To our souls","","Micro waves me insane","A blade cuts in your brain","Sounds like forks on a plate","Blackboard scratched with hate","","I've seen what you're doing to me","Destroying puppet strings","To our souls"
"MUSE","Mk Ultra","The wavelength gently grows","Coercive notions re-evolve","A universe is trapped inside a tear","It resonates the core","Creates unnatural laws","Replaces love and happiness with fear","","Oooo","","How much deception can you take","How many lies will you create","How much longer until you break","Your mind's about to fall","","And they're breaking through","They're breaking through","They're breaking through","We are losing control","","They're breaking through","They're breaking through","They're breaking through","Now we're falling","We are losing control","","Invisible to all","The mind becomes a wall","All of history deleted with one stroke","","Oooo","","How much deception can you take","How many lies will you create","How much longer until you break","Your mind's about to fall","","And they're breaking through","They're breaking through","They're breaking through","Now we're falling","We are losing control"
"MUSE","Muscle Museum","She had something to confess to","But you don’t have the time so","Look the other way","You will wait until it's over","To reveal what you’d never shown her","Too little much too late","","Too long trying to resist it","You’ve just gone and missed it","It's escaped your world","","Can you see that I am needing","Begging for so much more","Than you could ever give","And I don’t want you to adore me","Don’t want you to ignore me","When it pleases you","And I’ll do it on my own","","I have played in every toilet","But you still want to spoil it","To prove I’ve made a big mistake","Too long trying to resist it","You’ve just gone and missed it","It's escaped your world","","Can you see that I am needing","Begging for so much more","Than you could ever give","And I don’t want you to adore me","Don’t want you to ignore me","When it pleases you","And I’ll do it on my own","I’ll do it on my own"
"MUSE","Nature_1","Conforming on a monday","Too often and too cold","But you aren't even listening","Because you are just","","Too old to feel an earthquake","Or too cool to even care","But you aren't even listening","So why should I?","","You are","A natural disaster","And I've wanted you too much","And now I'm gonna lose","I've wanted you too much","And now I've gotta choose","","You're the cause of all this","And I'm sick of trying to please you","And you're gonna feel my emotions coming","Because you're the world","","Like a broken damn you're empty","And all that's left are the sticks and stones","That were built by other people","And it really shows","But you aren't even listening","Because you are just","","Too old to feel an earthquake","Or too cool to even care","But you aren't even listening","So why should I?","","You are","A natural disaster","And I've wanted you too much","And now I'm gonna lose","I've wanted you too much","And now I've gotta choose","","You're the cause of all this","And I'm sick of trying to please you","And you're gonna feel my emotions coming","Because you're the world"
"MUSE","Neutron Star Collision (Love Is Forever)","I was searching ","You were on a mission ","Then our hearts combined like ","A neutron star collision ","","I have nothing left to lose ","You took your time to choose ","Then we told each other ","With no trace of fear that... ","","Our love would be forever ","And if we die ","We die together ","And lie, I said never ","'Cause our love would be forever ","","The world is broken ","Halos fail to glisten ","You try to make a difference ","But no one wants to listen ","","Hail, The preachers, fake and proud ","Their doctrines will be cloud ","Then they'll dissipate ","Like snowflakes in an ocean ","","Love is forever ","And we'll die, we'll die together ","And lie, I say never ","'Cause our love could be forever ","","Now I've got nothing left to lose ","You take your time to choose ","I can tell you now without a trace of fear ","","That my love will be forever ","And we'll die we'll die together ","Lie, I will never ","'Cause our love will be forever"
"MUSE","New Born","Link it to the world","Link it to yourself","Stretch it like a birth squeeze","The love for what you hide","The bitterness inside","Is growing like the new born","When you've seen, seen","Too much, too young, young","Soulless is everywhere","","Hopeless time to roam","The distance to your home","Fades away to nowhere","How much are you worth","You can't come down to earth","You're swelling up, you're unstoppable","","'cause you've seen, seen","Too much, too young, young","Soulless is everywhere","","Destroy the spineless","Show me it's real","Wasting our last chance","To come away","Just break the silence","'cause I'm drifting away","Away from you","","Link it to the world","Link it to yourself","Stretch it like it's a birth squeeze","And the love for what you hide","And the bitterness inside","Is growing like the new born","","When you've seen, seen","Too much, too young, young","Soulless is everywhere","","Destroy the spineless","Show me it's real","Wasting their last chance","To come away","Just break the silence","'cause I'm drifting away","Away from you"
"MUSE","Overdue","You needed it when I was away","And no matter what I say","Your'll never forget when I wasn't there so","Why should I care?","I'm young but I know that I'm aroused","","You know that I care","You should have been there","You know that I care","You should have been there","","It doesn't matter where I have gone","I just can't afford to","Pay for all the mistakes that you have made","It's about time I was paid","","I'm young but I know that I'm aroused","","You know that I care","You should have been there","You know that I care","You should have been there","","You know that I care","You should have been there","You know that I care","You should have been there","","You know that I care","You should have been there","You know that I care","You should have been there"
"MUSE","Panic Station","You won't get much closer","Until you sacrifice it all (all)","You won't get to taste it","With your face against the wall (wall, wall)","","Get up and commit","Show the power trapped within (in, in)","Do just what you want to","And now stand up and begin (uh)","","Ooh, 1, 2, 3, 4 fire's in your eyes","And this chaos, it defies imagination","Ooh, 5, 6, 7, 8 minus 9 lives","You've arrived at panic station","","Doubts will try to break you","Unleash your heart and soul (soul)","Trouble will surround you","Start taking some control (-trol)","","Stand up and deliver","Your wildest fantasy (-sy, -sy)","Do what the fuck you want to","There's no one to appe-e-ease","","Ooh, 1, 2, 3, 4 fire's in your eyes","And this chaos, it defies imagination","Ooh, 5, 6, 7, 8 minus 9 lives","You've arrived at panic station","","Ooh, 1, 2, 3, 4 fire's in your eyes","And this chaos, it defies imagination","Ooh, 5, 6, 7, 8 minus 9 lives","And I know that you will fight for the duration","Ooh, 1, 2, 3, 4 fire's in your eyes","And you know I'm not resisting your temptations","Ooh, 5, 6, 7, 8 minus 9 lives","You've arrived at panic station"
"MUSE","Please Please Please Let Me Get What I Want","Good times for a change ","See, the luck I've had ","Can make a good man ","Turn bad ","","So please please please ","Let me, let me, let me ","Let me get what I want ","This time ","","Haven't had a dream in a long time","See the life I've had ","Can make a good man bad ","","So for once in my life ","Let me get what I want ","Lord knows, it would be the first time ","Lord knows, it would be the first time"
"MUSE","Plug In Baby","I've exposed your lies, baby ","The underneath is no big surprise ","Now it's time for changing ","And cleansing everything ","To forget your love","","My plug in baby ","Crucifies my enemies ","When I'm tired of giving ","My plug in baby ","In unbroken virgin realities ","Is tired of living","","Don't confuse ","Baby you're gonna lose ","Your own game ","Change me ","Replace the envying ","To forget your love","","My plug in baby ","Crucifies my enemies ","When I'm tired of giving ","My plug in baby ","In unbroken virgin realities ","I'm tired of living","","And I've seen your loving ","But mine is gone ","And I've been in trouble"
"MUSE","Prague","It breaks my heart","to leave you far behind","and it breaks me up","to leave so suddenly","knowing we might never meet again","and it hurts so much to lose another friend","","I could hope you're just as sad","to see me go","but I'd hate to be the cause","of grief to someone I like so","Knowing we might never meet again","And it hurts so much to lose another friend.","","Well it breaks my heart","It breaks my heart <i>[x3]</i>","It breaks my heart to leave you far behind","So far behind."
"MUSE","Recess","Resuscitate","In my sleep","Awake to see","You're never here","","But the losing yields","Another year","Facing hopes and fears","","And I wish","I could believe there was more","Hopes suffocating","You've kissed my life","","And the planes and trains","Are to blame","For tempting us","To refrain","And to cut the chord","Dis every word","Of the truths absurd","","And I wish","I could believe there was more","Hopes suffocating","You've kissed my life","","Hopes suffocating","Hopes suffocating","Hopes suffocating","And you've kissed my life"
"MUSE","Resistance","Is our secret safe tonight","And are we out of sight","Or will our world come tumbling down?","Will they find our hiding place","Is this our last embrace","Or will the walls start caving in?","","(It could be wrong, could be wrong) But it should have been right","(It could be wrong, could be wrong) To let our hearts ignite","(It could be wrong, could be wrong) Are we digging a hole?","(It could be wrong, could be wrong) This is out of control","","(It could be wrong, could be wrong) It could never last","(It could be wrong, could be wrong) Must erase it fast","(It could be wrong, could be wrong) But it could have been right","(It could be wrong, could be...)","","Love is our resistance","They'll keep us apart and they won't stop breaking us down","Hold me","Our lips must always be sealed","","If we live a life in fear","I'll wait a thousand years","Just to see you smile again","","Kill your prayers for love and peace","You'll wake the thought police","We can't hide the truth inside","","(It could be wrong, could be wrong) But it should have been right","(It could be wrong, could be wrong) To let our hearts ignite","(It could be wrong, could be wrong) Are we digging a hole?","","(It could be wrong, could be wrong) This is out of control","(It could be wrong, could be wrong) It could never last","(It could be wrong, could be wrong) Must erase it fast","(It could be wrong, could be wrong) But it could have been right","(It could be wrong, could be...)","","Love is our resistance","They'll keep us apart and they won't stop breaking us down","Hold me","Our lips must always be sealed","","The night has reached its end","We can't pretend","We must run","We must run","It's time to run","Take us away from here","Protect us from further harm","Resistance"
"MUSE","Ruled By Secrecy","Repress and restrain","Steal the pressure and the pain","Wash the blood off your hands","This time she won't understand","","Change in the air","And they'll hide everywhere","And no one knows who's in control ","","You're working so hard","And you're never in charge","Your death creates success","Rebuild and suppress","","Change in the air","And they'll hide everywhere","And no one knows who's in control ","","Change in the air","And they'll hide everywhere","And no one knows who's in control"
"MUSE","Save Me","Save me from my superstitions","Now I'm free, from this old condition","Wait just a while, and I'll greet","You with a smile","","Hold me 'cause I'm sure I'm hated","Promises, they are overrated","Wait just a while, while I'm","Drowning in denial","","Turn me into someone like you","Find a place that we can go to","Run away and take me with you","Don't let go I need your rescue","","Watch me 'cause I'm on a mission","Hold me back, so I'm forced to listen","Don't let me go 'cause I'm nothing","Without you","","Turn me into someone like you","Find a place that we can go to","Run away and take me with you","Don't let go I need your rescue","","Turn me into someone like you","Find a place that we can go to","Run away and take me with you","Don't let go I need your rescue"
"MUSE","Screenager","Who's so phoney and always surrounded?","Stop your screaming, no one can hear","All the scars on your skin: ""Post no bills""","","Who you were","Was so beautiful","Remember who, who you were","","Hide from the mirror, the cracks and the memories","Hide from your family, they won't know you now","For all the holes in our soul host no thrills","","Who you were","Was so beautiful","Memories who, who you were"
"MUSE","Shine","Who cares for the life we've earned?","Someone's sold all the truth you've yearned,","Remember when we used to shine","And had no fear or sense of time","When it creeps up on you","","You can't cry now there's nothing to feel","No one's noticed our loneliness","Remember when you used to tease","And made us scream eternal joy","","I believed that you'll always be here","'Cause once you promised a life with no fear","Please don't break my ideals","And say what's fake was always real","","Hope was the one now I'm gone","Take me back again"
"MUSE","Shine Acoustic","Who-oo cares for the life we've earned?","Someone's saved all the truth you've earned","Remember when we used to shine?","And had no fear? Or sense of time?","(It creeps up on you)","","You can't cry now","There's nothing to feel","No-one's noticed our loneliness","Remember when you used to tease?","And make us scream eternal joys","","We believed that you'll always be here","'Cause once you promised a life with no fear","Please don't break my ideals","And say what's fake was always real","","Hope was the one, now I'm gone","Take us back again."
"MUSE","Showbiz","Controlling my feelings for too long","Controlling my feelings for too long","Controlling my feelings for too long","Controlling my feelings for too long","Forcing our darkest souls to unfold","And forcing our darkest souls to unfold","Pushing us into self destruction","Pushing us into self destruction","","And they make me","Make me dream your dreams","And they make me","Make me scream your screams","","Trying to please you for too long","Trying to please you for too long","Visions of greed you wallow","Visions of greed you wallow","Visions of greed you wallow","Visions of greed you wallow","","And they make me","Make me dream your dreams","And they make me","Make me scream your screams","","Controlling my feelings for too long","Controlling my feelings for too long","And forcing our darkest souls to unfold","And forcing our darkest souls to unfold","And pushing us into self destruction","And pushing us into self destruction","","And they make me","Make me dream your dreams","And they make me","Make me scream your screams"
"MUSE","Shrinking Universe","Cast your eye tears on to me","And I'll show you what you really need","Give too much attention","And I'll reflect your imperfections","","Can't you see it's over?","Because you're the god of a shrinking universe","","Purposeless survival","Now there's nothing left to die for","So don't struggle to recognise","Now they call it ""Heart-felt suicide""","","Can't you see it's over?","Because you're the god of a shrinking universe","","<i>[Matt Bellamy's falsetto ooooooooooooooooooooooooowawaoo-ing]</i>","","Can't you see it's over?","Because you're the god of a shrinking universe."
"MUSE","Sing For Absolution","lips are turning blue","a kiss that can't renew","I only dream of you","my beautiful","","tiptoe to your room","a starlight in the gloom","I only dream of you","and you never knew","","sing for absolution","I will be singing","And falling from your grace","","there's nowhere left to hide","in no one to confide","the truth burns deep inside","and will never die","","lips are turning blue","a kiss that can't renew","I only dream of you","my beautiful","","sing for absolution","I will be singing","And falling from your grace","","sing for absolution","I will be singing","And falling from your grace","","our wrongs remain unrectified","and our souls won't be exhumed"
"MUSE","Soaked","Soaked to the bone","Sink like a stone","Walk home alone","It's not the first time, it's not the worst crime","Your soul will be okay","","When you've had enough","Searching for love","And you miss the touch","Of someone new","","Burnt by dreams","It's never how it seems","Cold crushed esteem","Take shelter and hide forever","Your soul will be okay","","And you've had enough","Searching for love","But you miss the touch","Of someone new","","Ooooohh","Ooooohh","","And I've had enough","Searching for love","But I miss the touch","Of someone new","","Soaked to the bone","Sink like a stone","I will take you home","It's not the first time, it's not the worst crime","Our souls will be okay"
"MUSE","Sober","Royal Canadian blended","The spicy aroma had mended me","Matured for years and imported","Into my glass you poured it","","And you're the only reason","That I remain unfrozen","Suppose it stands to reason","That you would turn on me","","You're so solid","You're so solid","It burns inside of me","Cause you're so solid","It burns inside of me","","The wild turkey's been chosen","Its caramel nose could smell me","Arbourler/Jameson I love you","The single malts came burning","","And you're the only reason","That I remain unfrozen","Suppose it stands to reason","That you would turn on me","","You're so solid","You're so solid","It burns inside of me","Cause you're so solid","It burns inside of me","","Royal Canadian Blended","The spicy aroma had mended me","And you're the only reason","That I remain unfrozen","Suppose it stands to reason","That you would turn on me","","You're so solid","You're so solid","It burns inside of me","Cause you're so solid","It burns inside of me"
"MUSE","Soldier's Poem","Throw it all away","Let's lose ourselves","'Cause there's no one left for us to blame","It's a shame we're all dying","And do you think you deserve your freedom","","How could you send us so far away from home","When you know damn well that this is wrong","I would still lay down my life for you","And do you think you deserve your freedom","","No I don't think you do","There's no justice in the world","There's no justice in the world","And there never was"
"MUSE","Space Dementia","mmmmm,","H8 is the one for me","It gives me all I need","and helps me co-exist","With the chill","","You make me sick","Because I adore you so","I love all the dirty tricks","And twisted games you play","On me","","Space dementia in your eyes and","Peace will arise","And tear us apart","And make us meaningless again","","Mmmm, yeah","You'll make us wanna die","I'd cut your name in my heart","Will destroy this world for you","I know you want me to","Feel your pain","","Space dementia in your eyes and","Peace will arise","And tear us apart","And make us meaningless again","","Ooooh ..."
"MUSE","Spiral Static","Who's ever known","How much to moan and groan","And quiver inside","He needs to give you","Everything you need","Is it enough","","You're running out of time","As it grows in your eye","Feel broken inside you feel","","Sigh, static moans","A storm growing strong","And it's coming my way","Still she gives you","Everything you need","Is it enough","","You're running out of time","As it grows in your eye","You'll feel broken inside","You'll feel","And I'll feel broken inside you","","Feel..."
"MUSE","Starlight","Far away","This ship is taking me far away","Far away from the memories","Of the people who care if I live or die","","Starlight","I will be chasing the starlight","Until the end of my life","I don't know if it's worth it anymore","","Hold you in my arms","I just wanted to hold","You in my arms","","My life","You electrify my life","Let's conspire to ignite","All the souls that would die just to feel alive","","But I'll never let you go","If you promised not to fade away","Never fade away","","Our hopes and expectations","Black holes and revelations","Our hopes and expectations","Black holes and revelations","","Hold you in my arms","I just wanted to hold","You in my arms","","Far away","This ship is taking me far away","Far away from the memories","Of the people who care if I live or die","","And I'll never let you go","If you promise not to fade away","Never fade away","","Our hopes and expectations","Black holes and revelations","Our hopes and expectations","Black holes and revelations","","Hold you in my arms","I just wanted to hold","You in my arms","I just wanted to hold"
"MUSE","Stockholm Syndrome","I won't stand in your way","Let your hatred grow","And she'll scream","And she'll shout","And she'll pray","And she had a name","Yeah she had a name","","And I won't hold you back","Let your anger rise","And we'll fly","And we'll fall","And we'll burn","No one will recall","No one will recall","","This is the last time I'll abandon you","And this is the last time I'll forget you","I wish I could","","Look to the stars","Let hope grow in your eyes","And we'll love","And we'll hate","And we'll die","All to no avail","All to no avail","","This is the last time I'll abandon you","And this is the last time I'll forget you","I wish I could","","This is the last time I'll abandon you","And this is the last time I'll forget you","I wish I could","I wish I could"
"MUSE","Sunburn","Come waste your millions here","Secretly she sneers","Another corporate show","A guilty conscience grows","I'll feel a guilty conscience grow","I'll feel a guilty conscience grow","","She burns like the sun","And I can't look away","And she'll burn our horizons make no mistake","","Come let the truth be shared","No-one ever dared","To break these endless lies","Secretly she cries","","She burns like the sun","And I can't look away","And she'll burn our horizons make no mistake","","And I'll hide from the world","Behind a broken frame","And I'll burn forever","I can't face the shame","","And I'll hide from the world","Behind a broken frame","And I'll burn forever","I can't face the shame"
"MUSE","Supermassive Black Hole","Oh baby dont you know I suffer?","Oh baby can you hear me moan?","You caught me under false pretenses","How long before you let me go?","","You set my soul alight","You set my soul alight","","(You set my soul alight)","Glaciers melting in the dead of night","And the superstars sucked into the supermassive","","(You set my soul alight)","Glaciers melting in the dead of night","And the superstars sucked into the 'supermassive'","","I thought I was a fool for no one","Oh baby I'm a fool for you","You're the queen of the superficial","And how long before you tell the truth","","You set my soul alight","You set my soul alight","","(You set my soul alight)","Glaciers melting in the dead of night","And the superstars sucked into the supermassive","","(You set my soul alight)","Glaciers melting in the dead of night","And the superstars sucked into the 'supermassive'","","Supermassive black hole","Supermassive black hole","Supermassive black hole","","Glaciers melting in the dead of night","And the superstars sucked into the supermassive","","Glaciers melting in the dead of night","And the superstars sucked into the supermassive","","(You set my soul alight)","Glaciers melting in the dead of night","And the superstars sucked into the supermassive","","(You set my soul alight)","Glaciers melting in the dead of night","And the superstars sucked into the supermassive","","Supermassive black hole","Supermassive black hole","Supermassive black hole"
"MUSE","Supremacy","Wake to see","Your true emancipation is a fantasy","Policies","Have risen up and overcome the brave","","Greatness dies","Unsung and lost, invisible to history","Embedded spies","Brainwashing our children to be mean","","You don't have long","I am on to you","The time, it has come to destroy","","Your supremacy","Supremacy","","You don't have long","I am on to you","The time, it has come to destroy","","Your supremacy","Supremacy"
"MUSE","Survival","Race, life’s a race","And I am gonna win","Yes, I am gonna win","","And I’ll light the fuse","And I’ll never lose","And I choose to survive","Whatever it takes","","You won’t pull ahead","I’ll keep up the pace","And I’ll reveal my strength","To the whole human race","","Yes I am prepared","To stay alive","And I won’t forgive,","Vengeance is mine","And I won’t give in","Because I choose to thrive","","Yeah, I’m gonna win!","","<i>[guitar solo]</i>","","Race, it’s a race","And I’m gonna win","Yes, I’m gonna win","","And I will light the fuse","I’ll never lose","And I choose to survive","Whatever it takes","","You won’t pull ahead","'Cause I’ll keep up the pace","And I’ll reveal my strength","To the whole human race","","Yes I'm gonna win","","<i>[guitar solo]</i>","","Fight! Fight! Fight! Fight!","Win! Win! Win! Win!","","Yes I’m gonna win!"
"MUSE","Take A Bow","Corrupt","You're corrupt","Bring corruption to all that you touch","Hold","You behold","And beholden for all that you've done","And spin","Cast a spell","Cast a spell on the country you run","And risk","You will risk","You will risk all their lives and their souls","","And burn","You will burn","You will burn in hell, yeah you'll burn in hell","You'll burn in hell","Yeah you'll burn in hell","For your sins","","And our freedom's consuming itself","What we've become","It's contrary to what we want","","Take a bow","","Death","You bring death, and destruction to all that you touch","Pay","You must pay","You must pay for your crimes against the earth","Yeah hex","Feed the hex","Feed the hex on the country you love","","Now beg","You will beg","You will beg for their lives and their souls","","Now burn","You will burn","You will burn in hell, yeah you'll burn in hell","You'll burn in hell","Yeah you'll burn in hell","You'll burn in hell","Yeah you'll burn in hell","For your sins"
"MUSE","The 2nd Law: Isolated System","In an isolated system, entropy","can only increase","","<i>[Random radio and TV transmissions","broadcast on March 29th, 2012 between","18:48 and 19:10]</i>","","In an isolated system, entropy","can only increase","","In an isolated system","Entropy","Isolated system","Entropy can only increase"
"MUSE","The 2nd Law: Unsustainable","All natural and technological","Processes proceed in such","a way that the availability of the","remaining energy decreases","","In all energy exchanges, if no energy","enters or leaves an isolated system","the entropy of that system increases","","Energy continuously flows from being","concentrated to becoming dispersed","spread out, wasted and useless","","New energy cannot be","created and high-grade","energy is being destroyed","","An economy based on endless","growth is unsustainable","","Unsu...","Unsustainable","","The fundamental laws of","thermodynamics will place fixed","limits on technological innovation","and human advancement","","In an isolated system, the entropy","can only increase","A species set on endless","growth is unsustainable","","Unsu...","Unsustainable"
"MUSE","The Groove","So here it is again","Rape and pillage proves","To win the public vote","Someone tell me who will take the prize","And who takes the fall","So confused","When you're lost in the groove","So confused","When you're lost in the groove","And down-town comes again","And her masks are shifting like a chameleon","Someone tell me why she breaks my fall","And then breaks my heart","So confused","When you're lost in the groove","So confused","When you're lost in the groove","Wow!","So confused","When you're lost in the groove","So confused","When you're lost in the groove"
"MUSE","The Smallprint","Take, take all you need","And i'll compensate your greed","With broken hearts ","Sell i'll sell your memories","For 15 pounds per year","But just the good days","","Say, it'll make you insane","And it's bending the truth","You're to blame","For all the life that you'll lose and you watch this space","But i'm going all the way","And be my slave to the grave","I'm the priest God never paid","","Hope, i hope you've seen the light","Coz no one really cares","They're just pretending","Sell, i'll sell your memories for 15 pounds per year","But you can keep the bad days","","Say,it'll make you insane","And i'm bending the truth","You're to blame","For all the life that you'll lose","And you watch this space","And i'm going all the way","And be my slave to the grave","I'm the priest God never paid"
"MUSE","Thoughts Of A Dying Atheist","Eerie whispers","trapped beneath my pillow","won't let me sleep","your memories","","and I know you're in this room","I'm sure I heard you sigh","Floating in between ","where our worlds collide","","scares the hell out of me","and the end is all I can see","and it scares the hell out of me","and the end is all I can see","","and I know the moment's near","and there's nothing you can do","look through a faithless eye","are you afraid to die?","","it scares the hell out of me","and the end is all I can see","and it scares the hell out of me","and the end is all I can see","","It scares the hell out of me","and the end is all I can see","and it scares the hell out of me","and the end is all I can see"
"MUSE","Time Is Running Out","I think I'm drowning","Asphyxiated","I wanna break this spell","That you've created","","You're something beautiful","A contradiction","I wanna play the game","I want the friction","","You will be the death of me","You will be the death of me","","Bury it","I won't let you bury it","I won't let you smother it","I won't let you murder it","","Our time is running out","Our time is running out","You can't push it underground","You can't stop it screaming out","","I wanted freedom","Bound and restricted","I tried to give you up","But I'm addicted","","Now that you know I'm trapped sense of elation","You'd never dream of","Breaking this fixation","","You will squeeze the life out of me","","Bury it","I won't let you bury it","I won't let you smother it","I won't let you murder it","","Our time is running out","Our time is running out","You can't push it underground","You can't stop it screaming out","How did it come to this?","Oh","","You will suck the life out of me","","Bury it","I won't let you bury it","I won't let you smother it","I won't let you murder it","","Our time is running out","Our time is running out","You can't push it underground","You can't stop it screaming out","How did it come to this?","Oh"
"MUSE","Twin","Your warmth, your warmth,","Is so deep,","Your gaze,","Beams a hole inside me","","Controlling again","Unseparated twins","Controlling again","","You’ve sucks","All the breath out of me","You’ll squeeze","All the life out of me","","Controlling again","Unseparated twins","Controlling again","","Controlling again","Unseparated twins","You’d rather be","Come gentle, slowly,","Gentle..."
"MUSE","Undisclosed Desires","I know you've suffered","But I don't want you to hide","It's cold and loveless","I won't let you be denied","","Soothing","I'll make you feel pure","Trust me","You can be sure","","I want to reconcile the violence in your heart","I want to recognise your beauty's not just a mask","I want to exorcise the demons from your past","I want to satisfy the undisclosed desires in your heart","","You trick your lovers","That you're wicked and divine","You may be a sinner","But your innocence is mine","","Please me","Show me how it's done","Tease me","You are the one","","I want to reconcile the violence in your heart","I want to recognise your beauty's not just a mask","I want to exorcise the demons from your past","I want to satisfy the undisclosed desires in your heart","","Please me","Show me how it's done","Trust me","You are the one","","I want to reconcile the violence in your heart","I want to recognise your beauty's not just a mask","I want to exorcise the demons from your past","I want to satisfy the undisclosed desires in your heart"
"MUSE","Unintended","You could be my unintended","Choice to live my life extended","You could be the one I'll always love","You could be the one who listens to my deepest inquisitions","You could be the one I'll always love","","I'll be there as soon as I can","But I'm busy mending broken pieces of the life I had before","","First there was the one who challenged","All my dreams and all my balance","She could never be as good as you","","You could be my unintended","Choice to live my life extended","You should be the one I'll always love","","I'll be there as soon as I can","But I'm busy mending broken pieces of the life I had before","","I'll be there as soon as I can","But I'm busy mending broken pieces of the life I had before","","Before you"
"MUSE","United States Of Eurasia / Collateral Damage","You and me are the same","We don't know or care who's to blame","But we know that whoever holds the reigns","Nothing will change","Our cause has gone insane","","And these wars they can't be won","And these wars they can't be won","And do you want them to go on and on and on?","Why split these states","When there can be only one","","And must we do as we're told?","Must we do as we're told?","","You and me fall in line","To be punished for unproven crimes","And we know that there's no one we can trust","Our ancient heroes","They are turning to dust","","And these wars they can't be won","Does anyone know or care how they begun?","They just promise to go on and on and on","But soon we will see","There can be only one","","United States","United States of","Eurasia! Sia! Sia! Sia!","Eurasia! Sia! Sia! Sia!","Eurasia! Sia! Sia! Sia!"
"MUSE","Unnatural Selection","They'll laugh as they watch us fall","The lucky don't care at all","No chance for fate","It's unnatural selection","I want the truth","","I'm hungry for some unrest","I want to push this beyond a peaceful protest","I wanna speak in a language that they'll understand","","Dedication to a new age","Is this the end of destruction and rampage?","Another chance to erase then repeat it again","","Counter balance this commotion","We're not droplets in the ocean","Ocean","","They'll laugh as they watch us fall","The lucky don't care at all","No (Hey) chance (Hey) for fate (Hey)","It's unnatural selection","I want the truth","","No religion or mind virus","Is there a hope that the facts will ever find us?","Just make sure that you're are looking out for number one","","I'm hungry for some unrest","Let's push this beyond a peaceful protest","I wanna speak in a language that you will understand","","Counter balance this commotion","We're not droplets in the ocean","Ocean","","They'll laugh as they watch us crawl","The lucky don't share at all","No (Hey) hope (Hey) for fate (Hey)","It's a random chance selection","I want the truth","","Try to ride out the storm","Whilst they'll make you believe","They are the special ones (We have not been chosen)","","Injustice is the norm","You won't be the first","And you know you won't be the last","","Counter balance this commotion","We're not droplets in the ocean","Ocean, ocean, ocean","","They'll laugh as they watch us fall","And the lucky they don't care at all","No (Hey) chance (Hey) for fate (Hey)","It's unnatural selection","I want the truth, I want the truth","I want the truth, I want the truth"
"MUSE","Uno","This means nothing to me","'Cause you are nothing to me","And it means nothing to me","That you blew this away","","'Cause you could have been number one","If you only found the time","And you could have ruled the whole world","If you had the chance","","You could have been number one","And you could have ruled the whole world","And we could have had so much fun","But you blew it away","","You're still nothing to me","And this is nothing to me","And you don't know what you've done","But I'll give you a clue","","You could have been number one","If you only had the chance","And you could have ruled the whole world","If you had the time","","You could have been number one","And you could have ruled the whole world","And we could have had so much fun","But you blew it away","","You could have been number one","And you could have ruled the whole world","And we could have had so much fun","But you blew it away"
"MUSE","Uprising","Paranoia is in bloom,","The PR transmissions will resume","They'll try to push drugs that keep us all dumbed down","And hope that we will never see the truth around","(so come on)","","Another promise, another seed","Another packaged lie to keep us trapped in greed","And all the green belts wrapped around our minds","And endless red tape to keep the truth confined","(so come on)","","They will not force us","They will stop degrading us","They will not control us","We will be victorious","(so come on)","","Interchanging mind control","Come, let the revolution take its toll","If you could flick the switch and open your third eye","You'd see that we should never be afraid to die","(so come on)","","Rise up and take the power back","It's time the fat cats had a heart attack","You know that their time's coming to an end","We have to unify and watch our flag ascend","(so come on)","","They will not force us","They will stop degrading us","They will not control us","We will be victorious","(so come on)","","Hey, hey, hey, hey","Hey, hey, hey, hey","Hey, hey, hey, hey","","They will not force us","They will stop degrading us","They will not control us","We will be victorious","(so come on)","","Hey, hey, hey, hey"
"MUSE","Weakening Walls","Don't you hear prophecy","Can't tune out apathy","That doesn't mean that you can't change","Drive down a one-way system","But you can still choose the direction","Wake up and realize","You've got to realize","It's never to late to open your eyes","And see the changes going on","Time to wipe tears away ","Trade away your future life for today","Tonight it gets better","I","I just can't stay","Stay until tomorrow","It's just too long for me","To sit in sorrow","I just can't stay","Stay until tomorrow","It's just too long for me","I","I just can't stay","Stay until tomorrow","It's just too long for me","To sit in sorrow","I just can't stay","Stay until tomorrow","It's just too long"
"MUSE","Who Knows Who","Money men mill about Monday morning","Another new nothing and never nearer","Assumed at the cost that it's currently costing","I dare don't dig any deeper down","I don't have the head space","","I don't understand all the figures and facts","It'll spin round till I start panic attacking","But there's one curve ball that states my soul","Let me live out life and I'll stay in control","","You take that away, I'll never get dressed","Money men milling in, Monday morning","I will go spend, or I will raise warning","I'm nothing but me and mine, so","","Yeah I've been and gone","With who knows who","Doing God knows what","Don't tell me how","I'll return at any hour","Fuck all your law, fuck your power","","Yeah I've been and gone","With who knows who","Doing God knows what","Don't tell me how","I'll return at any hour","Fuck all your law, fuck your power","","My name's magic and it's mud","I do bad things, but I can't rob","They don't buy anything, they watch it","See, for their time is the commodity","","The gap between art and artists grows","I'll never know why I ever wrote this prose","I write this rubbish, but believe you me","I've just never been keen on tasting redness","","But put the orange suit on","Shackle my ankles","I couldnt take that, I'd be fucking...","","(Get it Off)","","Yeah I've been and gone","With who knows who","Doing God knows what","Don't tell me how","I'll return at any hour","Fuck all your law, fuck your power","","Yeah I've been and gone","With who knows who","Doing God knows what","Don't tell me how","I'll return at any hour","Fuck all your law, fuck your power","","I don't promote no violence","But if you all get carted off","Boys will be boys, toys'll get tossed","Bang me up, right and rough","I'm not a people beater but","If that law gets made up, I may","Show me the cross, and I'll take it on","Show me the cross, and I'll take it on","","I don't promote no violence","But if you all get carted off","Boys will be boys, toys'll get tossed","Bang me up, right and rough","I'm not a people beater but","If that law gets made up, I may","Show them the cross, and I'll take it on","Show them the cross, and I'll take it on","","(Don't go! No!)","","Tell me what you want","Tell me what you want","Tell me what you want","Tell me what you want","","Tell me what you want","Tell me what you want","Tell me what you want","Tell me what you want","","Yeah I've been and gone","With who knows who","Doing God knows what","Don't tell me how","I'll return at any hour","Fuck all your law, fuck your power","","Yeah I've been and gone","With who knows who","Doing God knows what","Don't tell me how","I'll return at any hour","Fuck all your law, fuck your power"
"MUSE","Yes Please","Hooohoooha yes please HAHA!","","I cannot sleep","There's too much noise in my head*","I cannot sleep","I want it here instead*","","I never thought that this could come to this","I just wanna look at your face in peace now","You'll never miss","But I can","","<i>[Maniacal laughter]</i>","","I cannot keep","The shame that's clawed us out","I will not keep","Your shut-up, shut-up lies","","I never thought that this could come to this","I just wanna live in bliss, in peace now","You will never miss","But I can","","<i>[More maniacal laughter]</i>"
